"contact_[0,18)","contact_[18,60)","contact_60+"
5.42626138371878,5.14336350609284,0.772123561180573
1.86381442588696,9.38283200654651,1.5404856366152
0.723320956075772,3.9824143684054,3.17490137841731
